asin,brand
B000FLJTZ6,
B000LNOS54,
B0082B5NSI,
B008KPZN4A,
B00B95J47K,
B00U7V50HK,
B00YI6KQIS,
B0145QI7O0,
B01FKP3Q7S,
B01FROG3VS,
B01M1HYRNJ,OLLY
B072VDCK2Y,
B076414SYD,Natural Vitality
B078KJLT6G,Natural Vitality
B078SJ9F5S,The Genius Brand
B078X3GVS5,
B07DVQFKZ6,
B07DX2QKHV,
B07GJJT4J9,HEMPBRIDGE
B07GJXN191,
B07GRBJHV7,
B07H8MS5KQ,
B07H8N5VF6,
B07J4GMCNN,
B07JCY1ZCY,
B07L7XDV4N,
B07L8F7W45,WELLUTION
B07N46LTJJ,ZzzQuil
B07NJ1JKKP,
B07NQGWFXJ,
B07NRL7ZPB,WELLUTION
B07NRL7ZPX,
B07P5QHZ6K,
B07PF1SN5B,
B07PHJLJP5,
B07PM952GP,
B07PRF567T,
B07PRF8Y1P,
B07Q58RTJB,WellPath
B07RN1Z2RL,OLLY
B07SPDZ48B,
B07SPTW8RG,
B07SSVZ8QV,
B07V3GSY3Z,
B07V8LTDLG,JB Wellness Co
B07VY4WBBK,
B07WHDYVZZ,
B07WS3YSTP,
B07XR57B77,
B07YCW7WK3,
B07YW4NBPC,
B07Z8WZYVW,
B07ZP8WR2B,
B07ZWT158B,
B07ZWVDGDS,Shrumfuzed
B081SM3B98,
B082BK5B7Q,
B082WP7XZW,
B0859JR5GL,
B085HG2JVF,Research Labs
B085HK5LY2,Natural Vitality
B085KH94YH,
B086BR5P9J,
B086KHBY2J,ZzzQuil
B086KJGJ8T,
B086T13DD6,
B0874QHJPN,AFXMATE
B087Z9KV7F,HEALING DROPS
B088CNZFVM,
B088CQK65T,
B088YQHH2Z,WIXAR NATURALS
B08B19R1YP,HEMPWAY
B08BW3KP6F,
B08C6NNJ91,
B08CKF6DQC,
B08F2TY6SQ,
B08HB1BH4X,Lunakai
B08MLNHH9Q,
B08MQP5C91,
B08N2Z3V31,
B08NJ1L56B,
B08NLHCNJY,Purganic
B08QPY1JDH,
B08S3LNS44,
B08SRD1QCM,
B08Y74HSSH,
B08YN8J58Y,
B08Z2Z72NW,
B091SBQTZ4,JOYLI Nutrition
B092DSYKGV,
B092L9WWC8,OLLY
B092LH46KV,
B092PM2NB7,
B093381MLL,M inch
B093H8GB15,
B093LSRM4Y,
B094T2BZCK,Goli
B0957TXZ2Q,Purify Life
B0962DG24B,Plant People
B096W5LFBY,
B09B1CLZ6G,
B09B33BYKX,JB Wellness Co
B09C2MSK82,
B09FRW79D8,Hemp & Hand
B09H248M6F,
B09J21R4CP,
B09J21RG93,
B09J226S97,
B09JFLW86P,
B09JL4PCQQ,
B09JNK4TND,GORNVB
B09JTSXD6G,
B09JTV4QPX,
B09JWW7KL4,Healthergize
B09JWXWKPQ,
B09JXSKFK2,Healthergize
B09K4MBQ22,
B09N448NYW,
B09P2RPPYG,
B09PK372HT,
B09Q8DSRBF,
B09QV9Y63K,
B09QVGTT32,
B09RNG3GCW,
B09S1ZX8TJ,Generic
B09SR84773,
B09T8PJB9Q,Healthergize
B09XHJ2JV6,WACHRAY Nutrition
B09XN6LK65,
B09XN84YH9,
B09YGB43HV,
B09YHKZJHB,
B09YKJG8HY,
B0B1G84BP5,
B0B2CNBSXS,
B0B2JX8KF7,MaxHemp
B0B3F64NX4,Effective Nutra
B0B782F5GY,
B0B7TZM4GK,
B0B7VKJCFM,
B0B7VL6L9X,
B0B8CJ2F6P,Just Nutrients
B0B8QHLKYL,
B0B94T4H8B,
B0B9HN6MXC,
B0BC3YSBDH,
B0BD78SK47,AFXMATE
B0BFZZ6BJB,Vitabod
B0BG6TGKZS,
B0BHJ1ZJ3P,
B0BJCGQ37J,
B0BJL3XN2G,
B0BJW6BT1L,
B0BJX6RCDV,Healthergize
B0BJXL53ZX,
B0BJXMQDQT,
B0BJXRXC3S,
B0BJXS226F,
B0BK1XCVNR,
B0BKFGLQBB,
B0BKGX9GWG,
B0BKX2V3K5,
B0BL79D45P,Lemme
B0BLHVP4DJ,Healthergize
B0BLHXFBWB,Healthergize
B0BLRFQWDK,
B0BLWJH4WS,
B0BM8TBPBX,
B0BMLGM4JV,
B0BMPNSNHD,OLLY
B0BNJZLY8P,
B0BP2R4NM4,
B0BPDVXB4W,Canna Dreams
B0BRMS8ZB1,
B0BTH574CX,
B0BTKX7NWD,
B0BTL6NP4Y,
B0BTYX618V,Plant People
B0BTZVLTVP,
B0BV7GKYF9,Plant People
B0BVXY3SMH,
B0BW9RYNJZ,GORNVB
B0BWGCHXWH,Healthergize
B0BWGJMJ2S,
B0BWGYC345,
B0BWJ3Y656,
B0BX7GS31B,
B0BXD7JFTL,
B0BXXBWNKP,
B0BYDK1D81,
B0BZGDKLFN,
B0BZSCSYNQ,
B0C17T4CH7,Vitamatic
B0C1PWBPCC,
B0C1Q2F6LG,
B0C21G82Z7,Purvia
B0C21YJ3GM,Purvia
B0C35NBFM6,
B0C3C3D547,STANCES ORCHARD
B0C3JQPX49,Hemp Emu
B0C3WLKZXC,
B0C415SWFX,Adndale
B0C4166SSW,Auri
B0C43TRLH8,
B0C4FY553Z,
B0C5C48H7M,Shameless
B0C5M2YC1J,
B0C5P89M67,
B0C5PR1TRC,
B0C5QDRG7Y,
B0C68PTT1R,
B0C6YKWP14,
B0C7Y5XB9T,
B0CB1SSMPR,
B0CB3RLF7Q,
B0CB77Z8RP,OLLY
B0CB79FWKZ,OLLY
B0CBP5Y4Y8,
B0CBSSTMGY,
B0CCKX37YN,
B0CCL4DGM6,
B0CGSGYP1F,
B0CGVRJ2XJ,Auri
B0CHGYK85S,
B0CHK1J3SP,Auri
B0CHYD9Y52,
B0CHZBXH34,
B0CJ7NRP7P,
B0CJ9R6T6Q,
B0CJH5RWPD,
B0CK2R6GM7,
B0CKWH18FP,
B0CLM6QTJC,
B0CLN1NQJ3,
B0CLSDXTNZ,
B0CLVSQ99F,
B0CLVXFQ5L,
B0CLYTT2PF,
B0CM6PLDYF,BEIMIC
B0CMBN316M,
B0CMLXX9M5,
B0CMMN6WJ6,
B0CMVR85VZ,
B0CN9M531N,LifeSeasons
B0CNLZW2FR,
B0CNQDYFH6,Grüns
B0CNS6JHCS,
B0CNVTWT89,
B0CNZQFC1Y,
B0CP8RYB8S,Healthergize
B0CPCR5QZZ,SNEDARK
B0CPJV4L9K,ATRx Labs
B0CPL15Z6Y,
B0CPLTQ72T,GRTGG
B0CPQ5Q1N9,
B0CPS2GL4K,
B0CQ5H8BGL,
B0CQ6XMCZZ,
B0CQD3LBNR,
B0CQF4PBGC,
B0CQPH6ZC8,
B0CQPLR655,
B0CR5H51HK,
B0CRCRXVTP,
B0CRMWK9PH,
B0CRQWS7Y4,
B0CRZY321L,
B0CT31N3DQ,
B0CT937B3W,
B0CTR2KRGC,Nutravita
B0CV67M4M7,
B0CVC39FTL,
B0CVJDYX7Q,
B0CVM26NCK,
B0CVMWFC9D,
B0CVNNHMJ3,KEY ELEMENTS
B0CVS3WRCQ,
B0CWGSQCNH,
B0CWVWQD9T,
B0CWZ6HQD2,
B0CXMV6FBG,Nutravita
B0CY2Y5THW,ZzzQuil
B0CY922RD9,
B0CYY5R1P7,KEY ELEMENTS
B0CZ17N77M,
B0CZ3B7Z7X,EAZGOO
B0CZ9PJ7VB,
B0CZF3ZHYL,
B0CZG3SB7H,
B0CZLZHKLV,
B0CZM7LK5Q,
B0CZMC67HM,
B0CZMDPZGG,
B0CZMHDZ7P,
B0CZR3WC5P,
B0CZZZHGXG,
B0D13XYMJ5,
B0D17W6W8J,
B0D1GVM3PF,Eclipse Hemp
B0D1HD8772,Eclipse Hemp
B0D1HGD59N,
B0D1L1SSFP,Healthergize
B0D1L2JNNW,Healthergize
B0D1LBZY6B,Healthergize
B0D1RJWM54,
B0D1S93T92,Goli
B0D22LB6NZ,SNEDARK
B0D22QPPBT,SmildeHeal
B0D26Y1L81,
B0D275RHWT,
B0D27NTJQJ,
B0D2BKJPMM,
B0D2LLKH3R,
B0D2LQ98X7,
B0D2LQYSGD,
B0D2LR8VTX,
B0D2MBNNW6,
B0D2S1MWGW,
B0D32WH58X,
B0D361GYNJ,
B0D361PDHW,
B0D362Y9QK,
B0D3CDZWLD,Healthergize
B0D3FL73GH,
B0D3HFS3VS,
B0D3HND53W,
B0D3HNTWTF,
B0D3HRK91X,
B0D3JFZBFQ,
B0D3MBMH75,
B0D43B5G28,
B0D44CQ9T4,
B0D4DFJ9DH,
B0D4DRSXGN,
B0D4FG1MHP,
B0D5HGW3HB,
B0D5JPDT4C,
B0D5R6WH24,CHANUBITO
B0D697YHP8,
B0D6D93V6C,
B0D6DNPNYW,
B0D6JFK756,
B0D6NDJ54R,
B0D6WWFGVS,
B0D6X3VRVD,
B0D76ZFBFB,
B0D771G7GL,
B0D79PVKBQ,
B0D79SJ19W,
B0D7B46VPM,Clean Nutraceuticals
B0D7BNZPTR,Clean Nutraceuticals
B0D7GDHYDQ,
B0D7MC83LB,
B0D7XVBMTX,
B0D86L61T5,
B0D8D2VCP2,
B0D8JT462W,
B0D8JYCS7X,
B0D8KNPQPJ,
B0D8KTRTH5,
B0D91NN5CL,
B0D94QJ3MF,
B0D962V3G5,KEY ELEMENTS
B0D99KYN35,
B0D9BG9GLP,
B0D9DHTVVD,
B0D9HCXHWL,Vitamatic
B0D9HRCBHB,Purvia
B0DB1L62SY,
B0DB64RGYM,HEALTHY HEIST
B0DB66S85H,
B0DBHKS9NQ,Green Street Origins
B0DBLZ4YJP,
B0DCBBCC3B,
B0DCV359YL,
B0DCVX29J9,STANCES ORCHARD
B0DD217H39,
B0DDB7CT8D,SmildeHeal
B0DF3R2WDG,
B0DF3XR8PC,
B0DF414XQ6,
B0DFK5TLSS,Clean Nutraceuticals
B0DFMV1PN5,
B0DG6P56TX,Cheribundi
B0DG6SNSXH,
B0DG85N7ND,Clean Nutraceuticals
B0DGKW18GV,
B0DGQ16BY1,
B0DGRYBFDJ,
B0DH2GKKB7,
B0DHCNK5VB,
B0DHZD354B,
B0DHZJH5YS,Organifi
B0DJ3TQ9JW,
B0DJ6P9WD4,
B0DJ8NHXQC,
B0DJCLGPD6,On Air Supply
B0DJFTYYK2,
B0DJG5FBT3,
B0DJN8MV8R,On Air Supply
B0DJVLBJ9X,LILICARE
B0DJXF9KRS,
B0DK49NB6F,
B0DK551JMK,
B0DK56NF6R,
B0DK8XVBQ9,
B0DK9TT96C,
B0DL9RWH5V,
B0DLLF4GXX,
B0DLLG1M9Y,
B0DLQGLZZZ,
B0DLQP7RMJ,
B0DLQSNLTR,
B0DLR2CPFK,Shrumfuzed
B0DLYH3RPJ,
B0DLZ83VV5,
B0DMS6D636,
B0DMTX4VFZ,
B0DMTXPSZZ,
B0DN7ZHS8Y,Grüns
B0DNB7NJ4S,
B0DNJFXDTN,MABEFY
B0DNM7S2P1,esverco
B0DNQ73R1G,
B0DNRJCM7P,
B0DNWLXY31,
B0DP3MT8YJ,
B0DP3QF34H,
B0DPRRRXNR,Scion Organics
B0DPRWBKMW,Scion Organics
B0DQ2JYBBF,Nature's Nutrition
B0DQFSLXX4,
B0DQGW547B,Ultraverixian
B0DQGXBG4X,Ultraverixian
B0DQLNN3MQ,STIRLING
B0DQVP7MQG,
B0DR9VMGZ2,
B0DRD634WJ,
B0DRJHRRT7,Nyloriaine
B0DRKHYVZ4,
B0DRNLPN5C,LUCKCHAN
B0DRTVYVWX,
B0DRWBM1F2,
B0DS6M5F1G,STIRLING
B0DS7X3P1L,
B0DSCKR2QQ,Healthergize
B0DSCKTXH4,Healthergize
B0DSCLPTLG,Healthergize
B0DSLXN71W,
B0DT5SYDXH,Microjoy
B0DT7JPZ91,
B0DTM786YS,Microjoy
B0DTMKHQ7Q,Proper Wild
B0DVLRGQPX,Primal Harvest
B0DVMPHRBD,
B0DW18KJ6T,PROXY
B0DW428VK2,
B0DW4DK4YV,PROXY
B0DWP8VXSQ,
B0DWTDJY31,
B0DWTF96X8,
B0DWTQZQ19,IDEAL PERFORMANCE
B0DWTWZYR7,
B0DWTYZJ64,IDEAL PERFORMANCE
B0DWV67FD9,
B0DWV7W218,
B0DWV7YZL3,
B0DXDT46HV,
B0DXKSS8NR,
B0DY16Q9CC,LUCKCHAN
B0DYL52P1Z,
B0DYLB583H,The CBD Project
B0DYLLG4BY,
B0DYQ1879L,Advanced Bionetix
B0DYQNC4D9,
B0DYZ4HN4N,
B0DZ16V9M6,
B0DZ6VPVDM,LUCKCHAN
B0DZHG5QJR,
B0DZSL4KWM,
B0DZWNFTWY,
B0F13Z71YM,
B0F17P8R9B,
B0F18BMSCD,
B0F1D14FF8,
B0F1N3X4JH,maxmedix
B0F1PJYZ1X,
B0F1SQC4W7,MaxHemp
B0F1W8HKPP,
B0F221T5YY,
B0F29YL1V8,
B0F2GW8QHS,
B0F2JJ64CC,
B0F2JJFQ18,Healthergize
B0F2PYP7HB,
B0F2ZFPYFL,
B0F34FFQW9,
B0F3VC7CD3,
B0F3XXSDHC,Lunakai
B0F43K4WPK,
B0F4K215L4,
B0F4LWRFNC,FOCL
B0F4QJP5L3,
B0F4RDWHS6,
B0F4RF4P3H,
B0F4WHHHX1,PURESTVITS
B0F4WXBQZF,
B0F4YZC2XQ,
B0F4Z93T4K,
B0F524V5J5,Nubetong
B0F53D56TF,
B0F53F8PTD,HOOLOO
B0F53JG29S,HOOLOO
B0F53R29YS,HOOLOO
B0F5443HDY,HOOLOO
B0F553CZCR,
B0F5PQ1MCH,
B0F5QWWRZB,
B0F5VTDM1S,
B0F5VXCRFP,
B0F62WM337,Hemyum
B0F62WQ2PZ,
B0F67LFHTH,
B0F6F51ZPB,
B0F6G2RHX8,FIRST DAY
B0F6ML8S3G,
B0F6MQPGNP,Babivek
B0F6NHTYDD,MaxHemp
B0F6QFX4W5,Healthergize
B0F6QPQWJF,Healthergize
B0F6QSWG42,Healthergize
B0F6R2SNKY,
B0F6R839XB,Healthergize
B0F6V8PNRY,
B0F74VWPSR,
B0F7FSWWV8,Snoozy
B0F7L6DT45,
B0F7LNSSF8,
B0F7NR5HSH,
B0F7RB4MTB,
B0F8837V7Q,
B0F8B9ZTQX,
B0F8DG1S48,
B0F8L44X9S,
B0F8P9BW75,
B0F8PLGH1B,
B0F8PLWMK3,
B0F8R5325L,Charlotte's Web
B0F8VZ4LWR,HMone
B0F9CFRTM3,
B0F9H16PY3,
B0F9L6F5MK,Neuro
B0F9LPYXKF,
B0F9MD8G9W,
B0F9PGLW29,TRIP
B0F9R3Z3XZ,
B0F9T8WDXF,
B0F9WLQL37,Nubetong
B0F9Y196ZY,
B0FBFPC53S,
B0FBHGQ9XX,
B0FBR645T6,
B0FBRGB4T6,
B0FC2NWM4R,
B0FC66LD1Q,
B0FC6J8QCV,MSLOTAL
B0FC6KRX1S,MSLOTAL
B0FC8RQLNL,
B0FC95RMNL,
B0FCGKGQFY,
B0FCMT8QLF,IDEAL PERFORMANCE
B0FCNQ2H1P,
B0FCNVLXBY,IDEAL PERFORMANCE
B0FCNXKV76,
B0FCNZL851,
B0FCP1N6CH,
B0FCPD8F7J,Grüns
B0FCZNP45P,
B0FD3LMX52,
B0FDQDB158,
B0FF5JW6HQ,Microjoy
B0FF5K6CCX,
B0FFHBSFLB,
B0FFNDC3WR,
B0FFNNV365,
B0FFSVDMZX,
B0FFYHM6LX,Nubetong
B0FGHLDGVN,
B0FGJZ4P86,
B0FGKJD22C,
B0FGM642DM,
B0FH5J5GS4,
B0FH7H8YGC,
B0FHCHBTR7,Nubetong
B0FHQRBFH9,CANNA FIELD
B0FHYPZWJ7,
B0FJ7WJFSL,Hemyum
B0FJD3RM64,
B0FJDGB8Z4,Black Girl Vitamins
B0FJT9ZM67,
B0FJTBS72N,
B0FJTDWN1C,
B0FK18F63D,
B0FK1QVR51,
B0FK2WVCY5,Hemp & Hand
B0FK6BNJQH,EHP Labs
B0FKGHN7MG,
B0FKP2F5KH,Supherb Naturals
B0FKTNQQMH,
B0FL1RHN67,
B0FL1YBJMM,HEMOMAC
B0FLC61RHN,Agumoon
B0FLVGS7MB,Nubetong
B0FM3GZKXY,
B0FM3YGT4B,
B0FM4JTQHM,
B0FM811SNQ,
B0FM8C944N,
B0FMF98DVZ,
B0FMSBW6YX,Be Happy Be You
B0FMTD2PS9,
B0FN7RZ78M,
B0FNJX8VCQ,
B0FNLP7ZN6,MOSRAY
B0FNMHG993,
B0FNMXWDD1,
B0FNRFG11K,PANWELL
B0FNX2WB8T,
B0FNX9NLPD,
B0FP2W3RRV,
B0FPF83YBJ,RiRywony Health
B0FPMVWNMT,
B0FQ1HHXMJ,Nubetong
B0FQ9Y81J3,
B0FQRFHJ15,
B0FRF2J9ZH,
B0FRFMN781,
B0FRNFRRW8,WELLUTION
B0FS7G5KLC,LUCKCHAN
B0FS7JCKL8,LUCKCHAN
B0FSG16K2K,
B0FSKM49M9,Felizlab
B0FSKN1M3F,
B0FSMJRDK4,VitaGrade
B0FSR5KNW5,
B0FSR5KX5W,LUCKCHAN
B0FSRDB46N,LUCKCHAN
B0FSRGDPCW,
B0FSRHF87Y,
B0FSRK2DS5,
B0FSRK35BP,
B0FSRK3KF7,
B0FSRK7LT7,
B0FSRK7LTL,
B0FSRQ1WQJ,HOOLOO
B0FSZTRMP3,LUCKCHAN
B0FT2GRL6Q,
B0FTTKHKL7,
B0FW53V82F,LUCKCHAN
B0FWBPM7D5,MaxHemp
B0FWRTF8W5,TOPCAPAK
B0FWWCF2F1,
B0FX3NWT4Q,
B0FXJWV4GZ,
B0FXMLKYYN,
B0FXXRK669,
B0FY6BF6B1,
B0FZH1SDMS,
B0FZHXYXYY,
B0FZR4DMN1,Drloton
B0FZSR3GF7,MOSRAY
B0G13R53KT,MaxHemp
B0G1RVZV9Z,
B0G1TGVHM3,LUCKCHAN
B0G1Y83W25,RiRywony Health
B0G23MY43Y,
B0G2THMVG4,
B0G2XFQLMP,letollhold
B0G2ZVKLWW,Zenium
B0G377DD77,
B0G3M3QR3D,Healthergize
B0G3M66SY4,Healthergize
B0G3PBY4XR,Hemyum
B0G3PDG1G9,
B0G3RVCDT4,Healthergize
B0G3S17DBY,
B0G3TSWB4M,
B0G3YCZ9CL,
B0G4GLKPRM,
B0G4LZ87SH,Nubetong
B0G4M9Q753,
B0G4MX3V45,MOSRAY
B0G4TW8KNM,
B0G58DNFKH,TOPCAPAK
B0G58FK8G9,
B0G5WPYLDJ,
B0G5X17QZL,MaxHemp
B0G5YWP8BT,
B0G67DQY62,
B0G6SYVZ4S,
B0G6YH9NWV,
B0G6Z1LBDY,MOSRAY
B0G88K6V1K,
B0G922DD8X,WBSQL
B0G934L7X4,
B0G98MGLGL,
B0GBVCKX3Y,RiRywony Health
B0GCG2LZN6,
B0GCHYHT3P,
B0GCM3MZMQ,
B0GD5LCPJG,MOSRAY
B0GDW6MXNK,Nubetong
B0GDWV63KS,NLMUBR LUCKSIT
B0GF17JJ22,KGGCDD
B0GFH966JZ,
B0GFMPW4MJ,
B0GFSQ3LCB,DriRaych
B0GGRZ5YK3,
B0GGYZ8147,GRNSECVE
B0GH87WPY4,MOSRAY
B0GHCDMR5F,
B0GHD23R6H,Natrol
B0GHNNR27G,letollhold
B0GJ6LXNS1,Host Defense
B0GJ6T8F8H,Host Defense
B0GJ79KDWH,Healthergize
B0GJ7GL7ZG,Healthergize
B0GJ92L77X,LUCKCHAN
B0GJFM626T,Healthergize
B0GJFN7JJV,Healthergize
B0GJS9SGNC,
B0GKMRSLQM,MaxHemp
B0GL2M28Y5,WACHRAY
B0GLGVNT4G,WACHRAY
B0GLZKGZTK,Hoozzch
B0GM43NSB3,LUCKCHAN
B0GM7JKKDG,DriRaych
B0GM7QPX39,letollhold
B0GMJBGSRN,LUCKCHAN
B0GMVW3BYZ,Nubetong
B0GNCVF9WQ,MOSRAY
B0GPH5XCR5,
B0GPHPP361,SUOOCH
B0GPT6YN7K,Hemyum
B0GPWB9KPT,CHANUBITO
B0GQ38CX9Y,LUCKCHAN
B0GQ3BY8FH,MaxHemp
B0GQ46P1VJ,HMone
B0GQ8X6RT8,TOPCAPAK
B0GQFQCYFS,LUCKCHAN
B0GQMT7PX2,Drloton
B0GQRHK5K3,WACHRAY
B0GQS2131J,
B0GR59QLCZ,Hemyum
B0GR62LSP7,HMone
B0GRGGM4SH,Nubetong
B0GRY15XBZ,RiRywony Health
B0GS1YLF6S,MOSRAY
B0GS5Z2NPQ,LUCKCHAN
B0GSF9SS3Q,Drloton
B0GT8PT16K,LUCKCHAN
B0GT8TY3SF,MaxHemp
B0GTLNMTDM,RiRywony Health
B0GTS9ML17,
B0GTW3L18V,Nubetong
B0GV2NVR49,LUCKCHAN
B0GV3TSDWZ,MaxHemp
B0GVJW7R9P,MOSRAY
B0GVRWZ16W,
